

INSERT INTO users (id, name, email, password)
VALUES (1, 'Оля', 'olya@yandex.ru', '{noop}password'),
       (2, 'Вера', 'vare@gmail.com', 'admin'),
       (3, 'Катя', 'katya@gmail.com', 'guest'),
       (4, 'Неизвестно', 'unknown@gmail.com', 'admin'),
       (5, 'user', 'user@gmail.com', '{noop}password');

INSERT INTO role(ROLE, USER_ID)
VALUES ('USER', 2),
       ('ADMIN', 1),
       ('USER', 3),
       ('USER', 4);

INSERT INTO laser(name, capacity, max_size)
VALUES ('1л', 0, 160),
       ('2л', 0, 160),
       ('3л', 0, 200),
       ('4л', 0, 200);

INSERT INTO maps (USER_ID, ID, SIZE, PRICE, DATE_TIME, LANGUAGE_MAP, TYPE_MAP, IS_STATE, LIGHT, IS_MULTI_LEVEL, COLOR, ADDITIONAL, CONTACT, DESCRIPTION, condition_map)
VALUES(2, 2135, 160, 14000, '2019-01-01', 'Английский', 'Мир', 'false', 'Без подсветки', 'true', 'темный орех', 'касатки-5, корабли - 5', 'вотсап', 'если получится быстрее сделать', 0),
      (2, 2136, 140, 9000, '2019-01-01', 'Английский', 'Мир', 'false', 'Без подсветки', 'true', 'однот орех', 'Без допов', 'вотсап', 'срочно', 0),
      (2, 2137, 140, 4500, '2019-01-01', 'Русский', 'Мир', 'false', 'Без подсветки', 'false', 'орех', 'налож платеж', 'вотсап', 'срочно',0),
      (3, 2138, 200, 31000, '2019-08-15', 'Русский', 'Мир', 'false', 'Подсветка', 'true', 'орех', 'Без допов', 'millefram', '',0),
      (2, 2139, 250, 21000, '2019-01-01', 'Английский', 'Мир', 'false', 'Без подсветки', 'true', 'орех', 'Без допов', 'Вотсап', 'налож платеж 20000',0),
      (2, 2140, 140, 10000, '2019-01-01', 'Русский', 'Мир', 'false', 'Без подсветки', 'true', 'орех', 'Без допов', 'Вотсап', '',0),
      (2, 2142, 140, 11000, '2019-01-01', 'Английский', 'Мир', 'false', 'Без подсветки', 'true', 'орех с серым', 'Геотеги', 'Вотсап', '',0),
      (3, 2143, 120, 3500, '2019-08-16', 'Русский', 'Мир', 'false', 'Без подсветки', 'false', 'орех', 'Без допов', 'kashnanlena', '',0),
      (4, 2144, 200, 32000, '2019-01-01', 'Русский', 'Мир', 'false', 'Подсветка', 'true', 'пиздец', 'Без допов', 'Татьяна абрамова Оля Вконтакте ', '',0),
      (2, 2145, 160, 7000, '2019-01-01', 'Английский', 'Мир', 'false', 'Без подсветки', 'false', 'тёмный орех', 'Без допов', 'Вотсап', '',0),
      (2, 2146, 180, 16000, '2019-01-01', 'Русский', 'Мир', 'false', 'Без подсветки', 'true', 'орех с синим', 'Без допов', 'Вотсап и Почта ', '',0),
      (3, 2147, 180, 15000, '2019-01-01', 'Русский', 'Мир', 'false', 'Без подсветки', 'true', 'карамель', 'Без допов', 'wifeche', '',0),
      (3, 2148, 120, 3500, '2019-01-01', 'Русский', 'Мир', 'false', 'Без подсветки', 'false', 'орех', 'Без допов', 'miumiu252525', '',0),
      (3, 2149, 160, 13300, '2019-01-01', 'Русский', 'Мир', 'false', 'Без подсветки', 'true', 'орех/махагон', 'Без допов', 'Эльвира Калинина (ВК)', 'ГЕОТЕГИ',0),
      (2, 2150, 140, 6000, '2019-01-01', 'Английский', 'Мир', 'false', 'Без подсветки', 'false', 'серый орех', 'коробка подарочная ', 'вотсап', 'желательно к 1-2 сентября',0),
      (4, 2151, 250, 20000, '2019-01-01', 'Русский', 'Мир', 'false', 'Без подсветки', 'true', 'пиздец', 'Без допов', 'Wu', '',0),
      (2, 2152, 120, 11000, '2019-01-01', 'Английский', 'Мир', 'false', 'Без подсветки', 'true', 'орех', 'логотип ', 'Вотсап', 'Ооо юниткэрри',0),
      (3, 2154, 140, 4500, '2019-08-19', 'Русский', 'Мир', 'false', 'Без подсветки', 'false', 'орех', 'Без допов', 'lavaleri5', '',0),
      (2, 2155, 120, 3500, '2019-01-01', 'Английский', 'Мир', 'false', 'Без подсветки', 'false', 'орех', 'Без допов', 'Вотсап', '',0),
      (2, 2156, 250, 15000, '2022-12-07', 'Русский', 'Мир', 'false', 'Без подсветки', 'true', 'орех', 'срочно ', 'почта Сандалкин Антон <anton@stm-grp.com>', 'табичка Архагельск, надпись на упаковке',0),
      (3, 2158, 200, 16000, '2019-01-01', 'Английский', 'Мир', 'false', 'Без подсветки', 'true', 'орех/серый (фото)', 'Без допов', 'olivka8969', '',0),
      (4, 2159, 140, 10000, '2019-01-01', 'Английский', 'Мир', 'false', 'Без подсветки', 'true', 'орех с синим', 'Без допов', 'Wu', '',0),
      (2, 2160, 140, 5800, '2019-01-01', 'Английский', 'Мир', 'false', 'Без подсветки', 'false', 'черный', 'Геотеги красные и серые ', 'Вотсап', '',0),
      (2, 2161, 140, 5800, '2019-01-01', 'Английский', 'Мир', 'false', 'Без подсветки', 'false', 'орех', 'Геотеги', 'вотсап', '',0),
      (2, 2162, 200, 16000, '2019-01-01', 'Английский', 'Мир', 'false', 'Без подсветки', 'true', 'карамель ', 'Без допов', 'Вотсап', '',0),
      (2, 2164, 140, 13000, '2019-01-01', 'Русский', 'Мир', 'false', 'Без подсветки', 'true', 'Цветная по артикулам', 'Без допов', 'Вотсап', 'налож платеж',0),
      (2, 2165, 140, 6500, '2019-01-01', 'Русский', 'Мир', 'false', 'Без подсветки', 'false', 'орех с серым', 'Без допов', 'вотсап', '',0),
      (4, 2166, 250, 20000, '2019-01-01', 'Русский', 'Мир', 'false', 'Без подсветки', 'true', 'орех с серым', 'Без допов', 'Wu', 'Бн ип Колесников',0),
      (4, 2167, 140, 4500, '2019-01-01', 'Английский', 'Мир', 'false', 'Без подсветки', 'false', 'орех', 'Без допов', 'Wu', '',0),
      (3, 2168, 200, 16000, '2019-08-23', 'Русский', 'Мир', 'false', 'Без подсветки', 'true', 'дуб', 'Без допов', 'seregaqatarski', '',0),
      (3, 2169, 160, 14000, '2019-08-23', 'Русский', 'Мир', 'false', 'Без подсветки', 'true', 'основа орех светлая/белый/темносиний', 'Без допов', 'irinamyslina', '',0),
      (2, 2170, 200, 18600, '2019-01-01', 'Английский', 'Россия', 'false', 'Без подсветки', 'true', 'орех и махагон - страны снг без темного', 'ГЕОТЕГИ 100', 'почта "Dynnikov, Victor" <victor.dynnikov@sartorius.com>', 'ООО "Сарториус Стедим РУС"',0),
      (3, 2171, 180, 10000, '2019-08-24', 'Русский', 'Мир', 'false', 'Без подсветки', 'false', 'орех', 'коробка', 'lika_gukasyan', 'СРОЧНАЯ',0),
      (3, 7156, 180, 15400, '2022-11-09', 'Русский', 'Мир', 'false', 'Без подсветки', 'true', 'оттенки дуба', 'Без допов', 'вастап 89056732106', '',0),
      (3, 7157, 200, 16320, '2022-11-10', 'Русский', 'Мир', 'true', 'Без подсветки', 'true', 'орех и серо/кофейный', 'флаги 196', 'ватсап 79604742254', '',0),
      (3, 7159, 140, 20800, '2022-11-10', 'Русский', 'Мир', 'false', 'Подсветка', 'true', 'серый дуб', 'Без допов', 'Pinkhier30', '',0),
      (3, 7161, 200, 24800, '2022-11-10', 'Русский', 'Мир', 'false', 'Без подсветки', 'true', 'дуб/платан', 'Без допов', 'Pinkhaer30', '',0),
      (3, 7162, 160, 23200, '2022-11-10', 'Русский', 'Мир', 'true', 'Подсветка', 'true', 'по фото (макетя)', 'Без допов', 'kris_tina_green', '',0),
      (3, 7163, 250, -1, '2022-11-12', 'Русский', 'Мир', 'false', 'Подсветка', 'true', 'орех', 'Без допов', 'tatyana_cherepanpva', '',0),
      (3, 7164, 160, 10400, '2022-11-12', 'Русский', 'Мир', 'false', 'Без подсветки', 'true', 'орех/серый', 'Без допов', 'tatyana_krukovskaya', '',0),
      (3, 7165, 160, 4200, '2022-11-12', 'Русский', 'Мир', 'false', 'Без подсветки', 'false', 'орех', 'Без допов', 'bortnanta', '',0),
      (3, 7166, 200, 13300, '2022-11-12', 'Русский', 'Мир', 'false', 'Без подсветки', 'false', 'дуб/платан', 'Без допов', 'alek_sanka', '',0),
      (3, 7167, 140, 9100, '2022-11-13', 'Русский', 'Мир', 'false', 'Без подсветки', 'true', 'орех/серый/синий', 'Без допов', 'ВК Лена Третьякова', '',0),
      (3, 7168, 160, 12300, '2022-11-13', 'Русский', 'Мир', 'true', 'Без подсветки', 'true', 'орех/серый/синий', 'флаги 99, океаны, компас', 'ватсап 89139638525', '',0),
      (3, 7169, 160, 16850, '2022-11-15', 'Русский', 'Мир', 'false', 'Без подсветки', 'true', 'серый орех/бирюза', 'флаги 99 шт ', 'вастап 79854726185', '',0);
